,strain,stest,rtrain,rtest
0,,3.043202301849787,,2.7753559262182246
1,,3.7895468410938418,,1.9967871405547297
2,,3.5266080189911615,,2.3165177783490996
3,,2.983065341923367,,2.940149697575437
4,,8.17739020303928,,2.1335700956787167
5,,2.5415204892508765,,1.9125631751734031
6,,2.8377680010161357,,3.692985697741258
7,,2.936413354862428,,2.082062875552349
8,,2.423141388127102,,1.6028040759583286
9,,4.720328342199192,,2.860281627568395
