,strain,stest,rtrain,rtest
0,,3.043202301849787,,2.65965833794196
1,,3.7895468410938418,,2.2661646228372505
2,,3.5266080189911615,,2.9173029634550884
3,,2.983065341923367,,3.55189644493193
4,,8.17739020303928,,2.2504429538931854
5,,2.5415204892508765,,3.2904655922650847
6,,2.8377680010161357,,2.358178444144264
7,,2.936413354862428,,2.26688075485766
8,,2.423141388127102,,2.494480745088679
9,,4.720328342199192,,2.2256979974260562
