,strain,stest,rtrain,rtest
0,,3.0729423569987304,,4.007003138280051
1,,3.5338106084622685,,3.4611008385592483
2,,2.929348113268175,,1.9933843643625067
3,,3.534614988291548,,2.341888077410775
4,,5.160622437602947,,2.5832787974672935
5,,3.649680740628996,,3.425747178344948
6,,3.0085520551704823,,2.10959423209967
7,,4.7118605135987535,,3.3643391529351576
8,,2.9106217554490446,,2.30981425556263
9,,2.881332757300356,,1.943359466530291
