,strain,stest,rtrain,rtest
0,,3.043202301849787,,2.7610227070685416
1,,3.7895468410938418,,2.449010009978524
2,,3.5266080189911615,,2.1084984543104515
3,,2.983065341923367,,2.991835490307447
4,,8.17739020303928,,2.474305389409639
5,,2.5415204892508765,,2.1133430989831123
6,,2.8377680010161357,,2.430062028434084
7,,2.936413354862428,,3.6719234958574782
8,,2.423141388127102,,2.3446109931115657
9,,4.720328342199192,,2.5403446263101053
